{
  "pages": [
    {
      "id": "jjI8bf2bMK",
      "slug": "home",
      "title": "首頁",
      "seo": {
        "title": "我的網站首頁",
        "description": "這是用後台設定的描述",
        "ogImage": "",
        "meta": []
      },
      "content": {
        "blocks": [
          {
            "type": "hero",
            "props": {
              "heading": "歡迎來到我的網站",
              "sub": "這是拖拉出來的 Hero 區塊"
            }
          },
          {
            "type": "text",
            "props": {
              "html": "<p>你可以在後台調整區塊排序與內容。</p>"
            }
          }
        ]
      }
    },
    {
      "id": "aS0YCsstlI",
      "slug": "about",
      "title": "about",
      "seo": {},
      "content": {
        "blocks": [
          {
            "type": "hero",
            "props": {
              "heading": "Hello",
              "sub": "word"
            }
          }
        ]
      }
    }
  ],
  "blocks": [
    {
      "id": "preset-hero",
      "type": "hero",
      "props": {
        "heading": "一個 Hero 樣板",
        "sub": "副標文字"
      }
    },
    {
      "id": "preset-text",
      "type": "text",
      "props": {
        "html": "<p>一般段落文字</p>"
      }
    }
  ]
}